ChipotleTweets,2023-03-29 23:59:22,@SethFMichalak Oh no. Can you DM us the location you ordered from so we can help? -Alex https://t.co/BptDR5xzEN
ChipotleTweets,2023-03-29 23:58:43,@BumMarkelle Will you please contact us at https://t.co/ltrG42w7NA so we can follow up with you directly? -Alex
ChipotleTweets,2023-03-29 23:40:59,@estebangomezb Will you please contact us at https://t.co/ltrG42w7NA so we can follow up with you directly? -Alex
ChipotleTweets,2023-03-29 23:28:37,@1snowg That's concerning - please let us know more here: https://t.co/ltrG42w7NA -Alex
ChipotleTweets,2023-03-29 23:27:45,@JustBilliam Oh no. Can you DM us the location you ordered from so we can help? -Alex https://t.co/BptDR5xzEN
ChipotleTweets,2023-03-29 23:25:07,@DichaelMiLello V important task -Alex
ChipotleTweets,2023-03-29 23:24:27,@suburban_shawty Please share more with us so we can be in touch with you:https://t.co/ltrG42w7NA -Alex
ChipotleTweets,2023-03-29 23:14:09,@RealDavidAJones Please share more with us so we can be in touch with you:https://t.co/ltrG42w7NA -Alex
ChipotleTweets,2023-03-29 23:12:40,@NUTcase24 Please share more with us so we can be in touch with you:https://t.co/ltrG42w7NA -Alex
ChipotleTweets,2023-03-29 23:07:25,@g0dlikemike That's concerning - please let us know more here: https://t.co/ltrG42w7NA -Alex
ChipotleTweets,2023-03-29 23:03:12,@sukisuki600 Can you DM us more details? -Alex https://t.co/BptDR5xzEN
ChipotleTweets,2023-03-29 22:57:45,@pushinphillip 👀👀 -Alex
ChipotleTweets,2023-03-29 22:41:31,@WillSlunecka This is concerning. We would like to speak with you directly. Please send us a message here: https://t.co/X4lhMBXMRY -Scott
ChipotleTweets,2023-03-29 22:20:26,@AshleyTahirah Oh no. Can you DM us the location you ordered from so we can help? -Scott https://t.co/BptDR5xzEN
ChipotleTweets,2023-03-29 21:50:45,@djburke5 Will you please contact us at https://t.co/ltrG42w7NA so we can follow up with you directly? -Alex
ChipotleTweets,2023-03-29 21:50:22,@Mitzyf Can you DM us more details? -Alex https://t.co/BptDR5xzEN
ChipotleTweets,2023-03-29 21:32:46,@TravisHoium Oh no. Can you DM us the location you ordered from so we can help? -Alex https://t.co/BptDR5xzEN
ChipotleTweets,2023-03-29 21:20:24,@RejectedRedhead Oh no. Can you DM us the location you ordered from so we can help? -Alex https://t.co/BptDR5xzEN
ChipotleTweets,2023-03-29 21:14:56,@nervousnerdess Sorry to hear this. Can you DM us more details? -Alex https://t.co/BptDR5xzEN
ChipotleTweets,2023-03-29 21:13:51,@PoeticKhaos What's your order? -Alex
ChipotleTweets,2023-03-29 21:12:20,@TSappington777 Please share more with us so we can be in touch with you:https://t.co/ltrG42w7NA -Alex
ChipotleTweets,2023-03-29 20:51:01,@eeneryaj Oh no. Can you DM us the location you ordered from so we can help? -Alex https://t.co/BptDR5xzEN
ChipotleTweets,2023-03-29 20:13:30,@Xcalibur24 Oh no. Can you DM more details? -Scott https://t.co/BptDR5xzEN
ChipotleTweets,2023-03-29 19:40:25,@chetansaini Could you DM us the email tied to your order so we can help you out? -Fia https://t.co/BptDR5xzEN
ChipotleTweets,2023-03-29 18:19:52,@alyssageorgeann Oh no. Can you DM us the location you ordered from so we can help? -Scott
ChipotleTweets,2023-03-29 17:47:56,@Tac0_wh0re This is concerning. We would like to speak with you directly. Please send us a message here: https://t.co/X4lhMBXMRY -Scott
ChipotleTweets,2023-03-29 16:51:27,@42sro Will you please contact us at https://t.co/ltrG42w7NA so we can follow up with you directly? -Fia
ChipotleTweets,2023-03-29 16:37:31,@bourbonburner Will you please share more with us here: https://t.co/ltrG42w7NA so we can be in touch with you? -Fia
ChipotleTweets,2023-03-29 16:37:04,@BAlanBourgeois Will you please contact us at https://t.co/ltrG42w7NA so we can follow up with you directly? -Fia
ChipotleTweets,2023-03-29 16:10:50,@DrKristenDuncan Oh no. Can you DM us the location you ordered from so we can help? -Scott https://t.co/BptDR5xzEN
ChipotleTweets,2023-03-29 04:59:37,@nicole_npomba Will you please contact us at https://t.co/ltrG42w7NA so we can follow up with you directly? -Alex
ChipotleTweets,2023-03-29 03:59:24,@sunnysoutside We would like the opportunity to follow up on this as soon as possible. Please contact us directly: https://t.co/ltrG42w7NA -Alex
ChipotleTweets,2023-03-29 03:53:51,@sunnysoutside Will you please contact us at https://t.co/ltrG42w7NA so we can follow up with you directly? -Alex
ChipotleTweets,2023-03-29 02:55:32,@CookiesCookie9 Will you please contact us at https://t.co/ltrG42w7NA so we can follow up with you directly? -Alex
ChipotleTweets,2023-03-29 02:55:06,@kacy3js Will you please contact us at https://t.co/ltrG42w7NA so we can follow up with you directly? -Alex
ChipotleTweets,2023-03-29 02:54:58,@shellfishdimes Can you DM us? -Alex https://t.co/BptDR5xzEN
ChipotleTweets,2023-03-29 02:54:35,@jilliannnnf Will you please contact us at https://t.co/ltrG42w7NA so we can follow up with you directly? -Alex
ChipotleTweets,2023-03-29 02:38:53,@Goldbro197 ❤❤ -Alex
ChipotleTweets,2023-03-29 02:32:31,@OctavionX Oh no. Can you DM us the location you ordered from so we can help? -Alex https://t.co/BptDR5xzEN
ChipotleTweets,2023-03-29 02:27:46,@neverthinkng Love you too -Alex
ChipotleTweets,2023-03-29 02:14:56,@mariyalanese Oh no. Can you DM us the location you ordered from so we can help? -Alex https://t.co/BptDR5xzEN
ChipotleTweets,2023-03-29 01:56:36,@fuckasuit Can you DM us more details? -Alex https://t.co/BptDR5xzEN
ChipotleTweets,2023-03-29 01:43:50,@theOzniBlair Evening -Alex
ChipotleTweets,2023-03-29 01:41:54,@fuckasuit Will you please contact us at https://t.co/ltrG42w7NA so we can follow up with you directly? -Alex
ChipotleTweets,2023-03-29 01:35:29,@duffy120 Please share more with us so we can be in touch with you:https://t.co/ltrG42w7NA -Alex
ChipotleTweets,2023-03-29 01:00:47,@Gamesfrombama Can you DM us more details? -Alex https://t.co/BptDR5xzEN
ChipotleTweets,2023-03-29 00:59:40,@courtnahhhh Miss you too -Alex
ChipotleTweets,2023-03-29 00:53:28,@ic3angel_ Oh no. Can you DM us the location you ordered from so we can help? -Scott https://t.co/BptDR5xzEN
ChipotleTweets,2023-03-29 00:50:06,@tambo38104 Can you please DM us more info about what was wrong with your order? -Scott https://t.co/BptDR5xzEN
ChipotleTweets,2023-03-28 23:44:45,@Jordanceldridge Please share more with us so we can be in touch with you:https://t.co/ltrG42w7NA -Alex
ChipotleTweets,2023-03-28 23:44:23,@Joslyn_25 Oh no. Can you DM us more details so we can help? -Alex https://t.co/BptDR5xzEN
ChipotleTweets,2023-03-28 23:41:06,@tori_iscool I agree. Can you DM us the location you ordered from so we can help? -Scott https://t.co/BptDR5xzEN
ChipotleTweets,2023-03-28 23:31:29,@Lauren_Conforti This is factual -Scott
ChipotleTweets,2023-03-28 23:10:16,@CurlyMcNulty In his waffles too smh 😩 -Scott
ChipotleTweets,2023-03-28 23:05:33,@7thavedonda That's a bummer. Can you DM us the location you ordered from so we can help? -Scott https://t.co/BptDR5xzEN
ChipotleTweets,2023-03-28 23:02:58,@ChrisseyMarie We'd like to learn more about this. Mind reaching out to us at https://t.co/X4lhMBXMRY? -Scott -Scott
ChipotleTweets,2023-03-28 22:46:35,@Dspohn388 See you soon! -Alex
ChipotleTweets,2023-03-28 22:31:33,@ashAbeez Keep wishing -Alex
ChipotleTweets,2023-03-28 22:31:03,@NeilRDavis Glad you liked it -Alex
ChipotleTweets,2023-03-28 22:29:11,@isuwitmeorwut It really is -Alex
ChipotleTweets,2023-03-28 22:26:26,@VI17AIN I guess so -Alex
ChipotleTweets,2023-03-28 22:25:15,@bhuncho23 So many beggars today -Alex
ChipotleTweets,2023-03-28 22:25:08,@Mahi_Mati We like Chicken Al Pastor rn though -Alex
ChipotleTweets,2023-03-28 22:24:53,@davebrock24 Right?! -Alex
ChipotleTweets,2023-03-28 22:24:29,@zonaandrade Can you Dm us more details? -Alex https://t.co/BptDR5xzEN
ChipotleTweets,2023-03-28 22:23:34,@virgilio_ryan Me too -Alex
ChipotleTweets,2023-03-28 22:22:17,@d_ramblas Too late -Alex
ChipotleTweets,2023-03-28 22:22:02,@Filthy_Oar Will you please contact us at https://t.co/ltrG42w7NA so we can follow up with you directly? -Alex
ChipotleTweets,2023-03-28 22:21:21,@d_ramblas You didn't even say please -Alex
ChipotleTweets,2023-03-28 22:20:54,@JustinG27322541 Come over soon -Alex
ChipotleTweets,2023-03-28 22:20:34,@VI17AIN ....🙄 -Alex
ChipotleTweets,2023-03-28 22:20:27,@babysamzie I don't want to -Alex
ChipotleTweets,2023-03-28 22:20:19,@JP_1880 That's what they all say -Alex
ChipotleTweets,2023-03-28 22:20:12,@zib_enthusiast Pls stand up -Alex
ChipotleTweets,2023-03-28 22:18:53,@orochifgc I respect that -Alex
ChipotleTweets,2023-03-28 22:18:45,@LordPrinceJ Nice try -Alex
ChipotleTweets,2023-03-28 22:18:17,@cheeky_sillyguy That's a spice... -Alex
ChipotleTweets,2023-03-28 22:17:53,@KakashiToy LOL good luck with that -Alex
ChipotleTweets,2023-03-28 22:17:37,@gingerxxem Yes you do -Alex
ChipotleTweets,2023-03-28 22:17:25,@mak0rs I don't like begging -Alex
ChipotleTweets,2023-03-28 22:16:59,@HuskyJet Sorry about that. Can you DM us more details? -Alex https://t.co/BptDR5xzEN
ChipotleTweets,2023-03-28 22:14:30,@Nuris08557246 I'm not a free code bank -Alex
ChipotleTweets,2023-03-28 22:14:12,@AIex335i Not today -Alex
ChipotleTweets,2023-03-28 22:14:00,@jkline120 Agreed -Alex
ChipotleTweets,2023-03-28 22:13:08,@juneau_kirk You love to see it -Alex
ChipotleTweets,2023-03-28 22:13:01,@youngxnelson No thx -Alex
ChipotleTweets,2023-03-28 22:12:23,@neverthinkng Amazing -Alex
ChipotleTweets,2023-03-28 22:11:56,@kridentagg ❤ -Alex
ChipotleTweets,2023-03-28 22:11:45,@TM429318 This is an important distinction -Alex
ChipotleTweets,2023-03-28 22:11:32,@boduppy I would if I could -Alex
ChipotleTweets,2023-03-28 22:09:30,@lyrical_VG Awesome -Alex
ChipotleTweets,2023-03-28 22:09:19,@kridentagg I will pass that idea along -Alex
ChipotleTweets,2023-03-28 22:09:03,@meekmarty That's concerning - please let us know more here: https://t.co/ltrG42w7NA -Alex
ChipotleTweets,2023-03-28 22:08:50,@EchoNot_ Makes sense -Alex
ChipotleTweets,2023-03-28 22:08:38,@IvanDel51877240 ehh maybe? -Alex
ChipotleTweets,2023-03-28 22:08:28,@metaclause That sounds delish -Alex
ChipotleTweets,2023-03-28 22:08:07,@CJ_Figy Come over then -Alex
ChipotleTweets,2023-03-28 22:07:59,@kridentagg Yay -Alex
ChipotleTweets,2023-03-28 22:07:44,@IvanDel51877240 Fair -Alex
ChipotleTweets,2023-03-28 22:07:39,@xerahbeats Do it -Alex
ChipotleTweets,2023-03-28 22:07:21,@Stephrabbott We’re concerned to hear this. Would you please share more here? https://t.co/ltrG42w7NA -Alex
ChipotleTweets,2023-03-28 22:07:08,@Snkrf33N This is concerning. We would like to speak with you directly. Please send us a message here: https://t.co/ltrG42w7NA -Alex
ChipotleTweets,2023-03-28 22:06:58,@Jake19108 That's concerning - please let us know more here: https://t.co/ltrG42w7NA -Alex
ChipotleTweets,2023-03-28 22:06:05,@Keith_lee135’s NEW Chicken al Pastor Keithadilla is now available in the Chipotle app and online.
ChipotleTweets,2023-03-28 22:06:05,@metaclause What's your order? -Alex
ChipotleTweets,2023-03-28 22:05:56,@realbstar That stinks -Alex
ChipotleTweets,2023-03-28 22:05:50,@IvanDel51877240 🙄 -Alex
ChipotleTweets,2023-03-28 22:05:41,@lyrical_VG Chicken Al Pastor -Alex
ChipotleTweets,2023-03-28 22:05:27,@couponwithvv Nah -Alex
ChipotleTweets,2023-03-28 22:05:19,@jorgefwakfie Classic mom -Alex
ChipotleTweets,2023-03-28 22:04:53,@lyrical_VG You should prob get on that -Alex
ChipotleTweets,2023-03-28 22:04:43,@EchoNot_ Oh not for yourself? -Alex
ChipotleTweets,2023-03-28 22:04:00,@jorgefwakfie And? -Alex
ChipotleTweets,2023-03-28 22:03:55,@mariancharley1 No -Alex
ChipotleTweets,2023-03-28 22:02:25,@_enigmatik Mind sending us a DM?
ChipotleTweets,2023-03-28 22:01:07,ok but have you tried it with Chicken al Pastor? https://t.co/mJsRluedck
ChipotleTweets,2023-03-28 21:51:13,@ashley_hertzler Glad you enjoyed -Alex
ChipotleTweets,2023-03-28 21:50:53,@JBonet91 I'll let the right people know -Alex
ChipotleTweets,2023-03-28 21:48:47,@Luv_Rell 😘 -Alex
ChipotleTweets,2023-03-28 21:32:11,@chaosmanifesto9 OMG me too -Alex
ChipotleTweets,2023-03-28 21:31:58,@LarryThomasBot Come over -Alex
ChipotleTweets,2023-03-28 21:18:40,@RussSommers My new fav -Alex
ChipotleTweets,2023-03-28 21:13:00,@ThisIsSummerB The best out there -Alex
ChipotleTweets,2023-03-28 20:10:32,@kirbyhawk69 Glad you like it 🔥 -Chris
ChipotleTweets,2023-03-28 18:46:26,@sparksfly1398 Will you please contact us at https://t.co/ltrG42w7NA so we can follow up with you directly? -Fia
ChipotleTweets,2023-03-28 18:41:43,@sydneysartori Please DM us -Chris
ChipotleTweets,2023-03-28 18:20:13,@kerry_mcenerney Please DM us -Chris https://t.co/BptDR5x1Pf
ChipotleTweets,2023-03-28 18:08:50,@kaleighonline Please DM us -Chris
ChipotleTweets,2023-03-28 17:49:54,@keepinnupwithkk Please DM us -Chris
ChipotleTweets,2023-03-28 16:16:42,@GreshamShepherd We're concerned to hear this. Will you please contact us at https://t.co/xw5wqcgBsh -Sheldon
ChipotleTweets,2023-03-28 15:50:00,@jueswaee We appreciate you reaching out. Please send us a message at the link and we will contact you shortly: https://t.co/xw5wqcgBsh -Sheldon
ChipotleTweets,2023-03-28 13:00:51,@Shockin404 We're concerned to hear this. Will you please contact us at https://t.co/xw5wqcgBsh -Sheldon
ChipotleTweets,2023-03-28 03:33:00,@MaliahAlani This is concerning. We would like to speak with you directly. Please send us a message here: https://t.co/X4lhMBXMRY -Scott
ChipotleTweets,2023-03-28 02:18:05,@TreborrayTTV That's a bummer. Can you reach out at https://t.co/X4lhMBXMRY so we can make this right? -Scott
ChipotleTweets,2023-03-28 02:05:45,@amy_lynn_is_116 Can you DM us the location you ordered from so we can help? -Scott https://t.co/BptDR5xzEN
ChipotleTweets,2023-03-28 01:17:33,@chanbam07 Oh no. Can you DM us the location you ordered from so we can help? -Scott https://t.co/BptDR5xzEN
ChipotleTweets,2023-03-28 00:39:31,@katepetezz That doesn't look good - please reach out at https://t.co/X4lhMBXMRY so we can help. -Scott
ChipotleTweets,2023-03-28 00:28:42,@goldengibees Oh no. Can you DM us more details about what was wrong with the order? -Scott https://t.co/BptDR5xzEN
ChipotleTweets,2023-03-28 00:11:59,@StriekerStefan We want to hear more about this. Could you please reach out at https://t.co/X4lhMBXMRY? -Scott
ChipotleTweets,2023-03-27 22:50:36,@FebYaya We'd like the opportunity to follow up on this as soon as possible. Please contact us directly: https://t.co/X4lhMBXMRY -Scott
ChipotleTweets,2023-03-27 22:49:23,@KeithFoster Sorry to hear that. Can you DM us the location you ordered from so we can help? -Scott https://t.co/BptDR5xzEN
ChipotleTweets,2023-03-27 22:41:30,@acem1211 Will you please contact us at https://t.co/ltrG42w7NA so we can follow up with you directly? -Fia
ChipotleTweets,2023-03-27 22:30:04,@fzyviolet We’re concerned to hear this. Would you please share more here? https://t.co/ltrG42w7NA -Fia
ChipotleTweets,2023-03-27 22:23:33,@damn_thatsvegan Oh no. Can you DM us the location you ordered from so we can help? -Scott https://t.co/BptDR5xzEN
ChipotleTweets,2023-03-27 22:23:05,@bHen That's not right at all. Can you DM us the location you ordered from so we can help? -Scott https://t.co/BptDR5xzEN
ChipotleTweets,2023-03-27 21:47:09,@beckyjohnson55 We would like the opportunity to follow up on this as soon as possible. Please contact us directly: https://t.co/ltrG42w7NA -Fia
ChipotleTweets,2023-03-27 21:25:24,@An_0_nym_0_us_1 This is concerning. We would like to speak with you directly. Please send us a message here: https://t.co/xw5wqcgBsh -Sheldon
ChipotleTweets,2023-03-27 20:47:14,@meezianity Sorry about that. Send us a message to https://t.co/xw5wqcgBsh and a member of our customer care team will be in touch with you to assist. -Sheldon
ChipotleTweets,2023-03-27 20:42:32,@JaimzHaze Could you dm us more details on what was wrong with your order? -Sheldon https://t.co/BptDR5xzEN
ChipotleTweets,2023-03-27 20:17:54,@Pierson4life This is concerning. We would like to speak with you directly. Please send us a message here: https://t.co/ltrG42w7NA -Fia
ChipotleTweets,2023-03-27 19:50:46,@aniebiettt Thank you for you notifying us about this issue with your order. Could you please send us a message at the link and we will contact you shortly: https://t.co/xw5wqcgBsh -Sheldon
ChipotleTweets,2023-03-27 19:39:21,@_soyNIKKI Could you DM us the email tied to your account so we can look into this? -Fia https://t.co/BptDR5xzEN
ChipotleTweets,2023-03-27 18:38:19,RT @tinakittenalt: Chicken Al Pastor is all new at @ChipotleTweets for a limited time only! I really love the mix between the tangy sweetne…
ChipotleTweets,2023-03-27 18:30:47,RT @Punztw: YOO can't talk now @ChipotleTweets has an all new Chicken Al Pastor and it's a game-changer!10/10 would recommend! It’s crazy d…
ChipotleTweets,2023-03-27 16:56:29,@kat_seymour Send us a message to https://t.co/xw5wqcgBsh and a member of our customer care team will be in touch with you to assist. -Sheldon
ChipotleTweets,2023-03-27 16:54:09,@aemburrralert Thank you for you notifying us about this issue with your order. Could you please send us a message at the link and we will contact you shortly: https://t.co/xw5wqcgBsh -Sheldon
ChipotleTweets,2023-03-27 16:32:52,@ChipGogoBozo We're concerned to hear this. Will you please contact us at https://t.co/xw5wqcgBsh -Sheldon
ChipotleTweets,2023-03-27 15:42:19,@jubby72 We appreciate you reaching out. Please send us a message at the link and we will contact you shortly: https://t.co/xw5wqcgBsh -Sheldon
ChipotleTweets,2023-03-27 15:08:16,@RAYMONDCARRERO7 Well thank you -Chris
ChipotleTweets,2023-03-27 15:04:18,@801_Ute 🔥🔥 -Chris
ChipotleTweets,2023-03-27 14:57:41,@SQester Come get some -Chris
ChipotleTweets,2023-03-27 14:38:19,@Terenica Can you DM us more details? -Alex https://t.co/BptDR5xzEN
ChipotleTweets,2023-03-27 04:31:57,@JayMox901 We would like the opportunity to follow up on this as soon as possible. Please contact us directly: https://t.co/X4lhMBXMRY -Soph
ChipotleTweets,2023-03-27 04:30:17,@cjtrey_1 Can you shoot us a note here: https://t.co/X4lhMBXMRY so we can look into this for you? -Soph
ChipotleTweets,2023-03-27 04:23:21,@nolimitSarti Can you shoot us a note here: https://t.co/X4lhMBXMRY so we can look into this for you? -Soph
ChipotleTweets,2023-03-27 04:21:52,@Murphin_It Can you DM us? -Soph https://t.co/BptDR5xzEN
ChipotleTweets,2023-03-27 04:18:48,@Culkin00 Please share more with us so we can be in touch with you: https://t.co/X4lhMBXMRY -Soph
ChipotleTweets,2023-03-27 03:59:46,@nurseaddison We would like the opportunity to follow up on this as soon as possible. Please contact us directly: https://t.co/X4lhMBXMRY -Soph
ChipotleTweets,2023-03-27 03:44:43,@ChipotleSteals Can you DM us the email you contacted us with? -Soph https://t.co/BptDR5xzEN
ChipotleTweets,2023-03-27 03:41:39,@jeremyjhaul We're concerned to hear this. Can you please DM us more details? -Soph https://t.co/BptDR5xzEN
ChipotleTweets,2023-03-27 03:39:40,@ChiTownSports17 This is concerning. We would like to speak with you directly. Please send us a message here: https://t.co/X4lhMBXMRY -Soph
ChipotleTweets,2023-03-26 22:21:15,@izzyyy_1994 That's a bummer. Can you DM us a few more details? -Soph https://t.co/BptDR5xzEN
ChipotleTweets,2023-03-26 22:19:55,@PutrNrd Can you shoot us a note here: https://t.co/X4lhMBXMRY so we can look into this for you? -Soph
ChipotleTweets,2023-03-26 04:53:00,@why_kg Please share more with us so we can be in touch with you: https://t.co/X4lhMBXf2q -Soph
ChipotleTweets,2023-03-26 04:51:30,@kryoymir We would like the opportunity to follow up on this as soon as possible. Please contact us directly: https://t.co/X4lhMBXMRY -Soph
ChipotleTweets,2023-03-26 04:51:19,@ChiefGyk3D So sorry to hear that. Can you DM us? -Soph https://t.co/BptDR5xzEN
ChipotleTweets,2023-03-26 04:32:47,@HollyNurnberg Can you DM us a few more details? -Soph https://t.co/BptDR5xzEN
ChipotleTweets,2023-03-26 01:10:33,@JimmyRivera Will you please contact us at https://t.co/X4lhMBXMRY so we can follow up with you directly? -Soph
ChipotleTweets,2023-03-26 01:09:09,@vincenicholas Please share more with us so we can be in touch with you: https://t.co/X4lhMBXMRY -Soph
ChipotleTweets,2023-03-26 01:08:55,@j0evans We would like the opportunity to follow up on this as soon as possible. Please contact us directly: https://t.co/X4lhMBXMRY -Soph
ChipotleTweets,2023-03-26 01:07:32,@yjp_s Will you please contact us at https://t.co/X4lhMBXMRY so we can follow up with you directly? -Soph
ChipotleTweets,2023-03-26 01:05:22,@why_kg Please share more with us so we can be in touch with you: https://t.co/X4lhMBXMRY -Soph
ChipotleTweets,2023-03-25 18:30:28,@samcurrier Thank you for you notifying us about this issue with your order. Could you please send us a message at the link and we will contact you shortly: https://t.co/xw5wqcgBsh -Sheldon
ChipotleTweets,2023-03-25 04:39:21,@redsoxjunkie57 Bummer. Can you DM us your email? -Soph https://t.co/BptDR5xzEN
ChipotleTweets,2023-03-25 04:35:49,@complexanxiety We would like the opportunity to follow up on this as soon as possible. Please contact us directly: https://t.co/X4lhMBXMRY -Soph
ChipotleTweets,2023-03-25 04:32:13,@MuhammadTameen Please share more with us so we can be in touch with you: https://t.co/X4lhMBXMRY -Soph
ChipotleTweets,2023-03-24 22:41:36,@Joleeann Oh no. Can you DM us the location you ordered from so we can help? -Scott https://t.co/BptDR5xzEN
ChipotleTweets,2023-03-24 22:00:42,@CarbonatedTwit Will you please contact us at https://t.co/ltrG42w7NA so we can follow up with you directly? -Fia
ChipotleTweets,2023-03-24 21:01:38,@ateawholepizza Oh no. Can you DM us the location you ordered from so we can help? -Scott https://t.co/BptDR5xzEN
ChipotleTweets,2023-03-24 21:00:50,@JBieberBoy94 Can you DM us the location you ordered from so we can make this right? -Scott https://t.co/BptDR5xzEN
ChipotleTweets,2023-03-24 18:45:37,@kathryncurrier1 Could you DM us so we can look into this? -Fia https://t.co/BptDR5xzEN
ChipotleTweets,2023-03-24 18:43:49,@jacqserna Could you DM us more details so we can look into this? -Fia https://t.co/BptDR5xzEN
ChipotleTweets,2023-03-24 18:02:30,@SugarBabySass We’re concerned to hear this. Would you please share more here? https://t.co/ltrG42w7NA -Fia
ChipotleTweets,2023-03-24 17:45:11,@KaPow_13 Thank you for you notifying us about this issue with your order experience. Could you please send us a message at the link and we will contact you shortly: https://t.co/xw5wqcgBsh -Sheldon
ChipotleTweets,2023-03-24 17:05:01,@PriincesssL Send us a message to https://t.co/xw5wqcgBsh and a member of our customer care team will be in touch with you to assist. -Sheldon
ChipotleTweets,2023-03-24 17:01:57,@RogelioRoger87 Could you dm us the email address you used for your order? -Sheldon https://t.co/BptDR5xzEN
ChipotleTweets,2023-03-24 16:15:49,@smoothRhea Let us know a couple more details at https://t.co/xw5wqcgBsh and a member of our customer care team will be in touch. -Sheldon
ChipotleTweets,2023-03-24 14:35:41,@cavallilou That's not right. Could you DM us the email tied to your account so we can look into this? -Fia https://t.co/BptDR5x1Pf
ChipotleTweets,2023-03-24 03:26:40,@EPatipa We would like the opportunity to follow up on this as soon as possible. Please contact us directly: https://t.co/ltrG42w7NA -Fia
ChipotleTweets,2023-03-24 02:33:53,@cerezaa___ Oh no. Could you DM us the email tied to your order so we can help you out? -Fia https://t.co/BptDR5xzEN
ChipotleTweets,2023-03-24 02:08:28,@sweatyirl Not the chips though! Will you please contact us at https://t.co/ltrG42w7NA so we can follow up with you directly? -Fia
ChipotleTweets,2023-03-24 01:59:38,@BaldThoughts We appreciate you reaching out. Please send us a message and we will contact you shortly: https://t.co/ltrG42w7NA -Fia
ChipotleTweets,2023-03-24 01:54:35,@maggiesfarm76 Sorry to hear that. Will you please share more with us here: https://t.co/ltrG42w7NA so we can be in touch with you? -Fia
ChipotleTweets,2023-03-24 01:53:11,@BodyHeatLikeSel Will you please share more with us here: https://t.co/ltrG42w7NA so we can be in touch with you? -Fia
ChipotleTweets,2023-03-24 01:49:00,@limpwristsavior Could you DM us the email tied to your rewards account so we can look into this? -Fia https://t.co/BptDR5xzEN
ChipotleTweets,2023-03-24 01:39:44,@okthatsonpurr This is concerning. We would like to speak with you directly. Please send us a message here: https://t.co/ltrG42w7NA -Fia
ChipotleTweets,2023-03-24 01:26:40,@AwkwardPancake Could you DM us the email tied to your order so we can look into this? -Fia https://t.co/BptDR5xzEN
ChipotleTweets,2023-03-24 01:24:57,@trishalynne19 Sorry about that. Can you DM us the email address tied to your order? -Fia https://t.co/BptDR5xzEN
ChipotleTweets,2023-03-24 01:12:32,@_juliaramsey_ Could you DM us the email tied to your order so we can help you out? -Fia https://t.co/BptDR5xzEN
ChipotleTweets,2023-03-24 01:10:46,@sneadesai This is concerning. We would like to speak with you directly. Please send us a message here: https://t.co/ltrG42w7NA -Fia
ChipotleTweets,2023-03-24 00:50:38,@thewitchwithBPD Could you DM us more details so we can help you out? -Fia https://t.co/BptDR5xzEN
ChipotleTweets,2023-03-24 00:37:11,@JoeMcJoe11 We would like the opportunity to follow up on this as soon as possible. Please contact us directly: https://t.co/ltrG42w7NA -Fia
ChipotleTweets,2023-03-24 00:33:57,@nikil_ragav Oh no sorry about that. Could you DM us the email tied to your order so we can look into this? -Fia https://t.co/BptDR5xzEN
ChipotleTweets,2023-03-24 00:31:40,@JChrist3831 Couldn't agree more 🥰 -Fia
ChipotleTweets,2023-03-24 00:10:21,@StephenFrug Will you please contact us at https://t.co/ltrG42w7NA so we can follow up with you directly? -Alex
ChipotleTweets,2023-03-24 00:02:41,@1Danny_Random Will you please contact us at https://t.co/ltrG42w7NA so we can follow up with you directly? -Alex
ChipotleTweets,2023-03-23 23:59:08,@DblD75 Feel free to speak to a manager so they can address this in person. -Alex
ChipotleTweets,2023-03-23 23:57:50,@itsallenlucas Can you DM us so we can help? -Alex https://t.co/BptDR5xzEN
ChipotleTweets,2023-03-23 23:35:24,@BrysonBarpenter Oh no. Can you DM us the location you ordered from so we can help? -Alex https://t.co/BptDR5xzEN
ChipotleTweets,2023-03-23 23:20:56,@tha_real_cp Could you DM us so we can help you out? -Fia https://t.co/BptDR5xzEN
ChipotleTweets,2023-03-23 23:15:54,@artpoppls Will you please share more with us here: https://t.co/ltrG42w7NA so we can be in touch with you? -Fia
ChipotleTweets,2023-03-23 22:54:44,@vanessaj3179 We would like the opportunity to follow up on this as soon as possible. Please contact us directly: https://t.co/ltrG42w7NA -Fia
ChipotleTweets,2023-03-23 21:19:00,Introducing Chicken Al Pastor - a bold new flavor available today.
ChipotleTweets,2023-03-23 21:17:00,The all-new Chicken Al Pastor is so good you have to try it for yourself. Bring it home today.
ChipotleTweets,2023-03-23 21:15:09,@munchkin273 We would like the opportunity to follow up on this as soon as possible. Please contact us directly: https://t.co/ltrG42w7NA -Fia
ChipotleTweets,2023-03-23 21:14:55,@Go1MoreMile Oh no! Could you DM us the email tied to your order so we can look into this? -Fia https://t.co/BptDR5xzEN
ChipotleTweets,2023-03-23 20:57:08,@hunttahh Someone from the correct department will be with you shortly -Chris
ChipotleTweets,2023-03-23 20:45:22,@hunttahh DM us -Chris
ChipotleTweets,2023-03-23 20:45:00,Introducing Chicken Al Pastor - a bold new flavor available today.
ChipotleTweets,2023-03-23 20:45:00,All new Chicken Al Pastor is sure to bring the flavor. Level up your order today.
ChipotleTweets,2023-03-23 20:45:00,Meet the new Chicken Al Pastor. Where Fire Meets Flavor.  Try it today for a limited time.
ChipotleTweets,2023-03-23 20:45:00,The all-new Chicken Al Pastor is so good you have to try it for yourself. Bring it home today.
ChipotleTweets,2023-03-23 20:45:00,This is the NEW Chicken Al Pastor. Fresh grilled chicken with the bold heat of morita peppers and ground achiote turned into a fiery marinade balanced with a splash of pineapple. Finished with fresh lime and cilantro.
ChipotleTweets,2023-03-23 19:58:50,@HajGotClout Please DM us -Chris
ChipotleTweets,2023-03-23 19:49:40,@Fireblazer0206 Dm us -Chris
ChipotleTweets,2023-03-23 19:45:03,@QUEENLOAIZE 🔥 -Chris
ChipotleTweets,2023-03-23 19:07:43,@JHoustonTV I'd say so 🔥 -Chris
ChipotleTweets,2023-03-23 18:50:00,@elyochpets That's a bummer. Can you reach out at https://t.co/X4lhMBXMRY so we can make this right? -Scott
ChipotleTweets,2023-03-23 18:49:34,@moniquesmusic Can you shoot us a DM so we can look into this? -Scott https://t.co/BptDR5xzEN
ChipotleTweets,2023-03-23 18:41:54,@RealDLopez We would like the opportunity to make this right as soon as possible. Please contact us directly: https://t.co/X4lhMBXMRY -Scott
ChipotleTweets,2023-03-23 18:41:33,@dalbino03 Can you shoot us a note here: https://t.co/ltrG42w7NA so we can look into this for you? -Alex
ChipotleTweets,2023-03-23 18:39:35,@SlimQueenK We love it -Alex
ChipotleTweets,2023-03-23 18:11:30,@iiTsNewt making me hungry over here 😩 -Scott
ChipotleTweets,2023-03-23 17:59:53,@clevelegal80 Sorry to hear that. Can you DM us the location you ordered from so we can help? -Scott https://t.co/BptDR5xzEN
ChipotleTweets,2023-03-23 17:52:41,@davidleiva Oh no. Can you DM us the location you ordered from so we can help? -Scott https://t.co/BptDR5xzEN
ChipotleTweets,2023-03-23 17:44:50,@hausaufGAGA We’re concerned to hear this. Would you please share more here? https://t.co/ltrG42w7NA -Chris
ChipotleTweets,2023-03-23 17:43:31,@btsullivan91 Please DM us -Chris https://t.co/BptDR5xzEN
ChipotleTweets,2023-03-23 17:39:55,@CILVIAPRONTO Please DM us -Chris https://t.co/BptDR5xzEN
ChipotleTweets,2023-03-23 17:24:42,@MitchellKNess Please DM us -Chris
PARTNERSHIP!!
if you’re reading this you must try their NEW Fajita
Quesadilla!!!
ChipotleTweets,2023-03-23 17:06:01,@francheska_d_l 💖💖 -Chris
ChipotleTweets,2023-03-23 16:40:52,@WestrayKnight Please DM us -Chris
ChipotleTweets,2023-03-23 16:39:39,@AvoidTIMtation 🔥 -Chris
ChipotleTweets,2023-03-23 16:24:14,@matt_salerno DM us -Chris
ChipotleTweets,2023-03-23 16:18:43,@DreadNought__3 We’re concerned to hear this. Would you please share more here? https://t.co/ltrG42w7NA -Chris
ChipotleTweets,2023-03-23 16:08:16,@JohnnyBSmooove DM us -Chris
ChipotleTweets,2023-03-23 14:28:17,@AngellJaunnae This is concerning. We’d like to speak to you directly. Please contact us here: https://t.co/X4lhMBXMRY -Chris
ChipotleTweets,2023-03-23 03:08:41,@iviebabyyy Will you please share more with us here: https://t.co/ltrG42w7NA so we can be in touch with you? -Fia
ChipotleTweets,2023-03-23 02:27:54,@robthgod This is concerning. Could you DM us the location you ordered from? -Fia https://t.co/BptDR5xzEN
ChipotleTweets,2023-03-23 02:20:40,@JaviOnetime We’re concerned to hear this. Would you please share more here? https://t.co/ltrG42w7NA -Fia
ChipotleTweets,2023-03-23 02:05:18,@dannydrummings LOL -Fia
ChipotleTweets,2023-03-23 01:56:56,@AmberIVYnoRose Will you please share more with us here: https://t.co/ltrG42w7NA so we can be in touch with you? -Fia
ChipotleTweets,2023-03-23 01:51:59,@Chocola53332668 Oh no sorry about that. Could you DM us the email tied to your order so we can help you out? -Fia https://t.co/BptDR5xzEN
ChipotleTweets,2023-03-23 01:24:22,@helloimsry This is concerning. We would like to speak with you directly. Please send us a message here: https://t.co/ltrG42w7NA -Fia
ChipotleTweets,2023-03-23 01:07:43,@jennxlis Oh no sorry about that. Could you DM us the email tied to your order so we can help you out? -Fia https://t.co/BptDR5xzEN
ChipotleTweets,2023-03-23 00:57:13,@doubting_tia We would like the opportunity to follow up on this as soon as possible. Please contact us directly: https://t.co/ltrG42w7NA -Fia
ChipotleTweets,2023-03-23 00:02:14,@jevingoblue We would like the opportunity to follow up on this as soon as possible. Please contact us directly: https://t.co/ltrG42w7NA -Fia
ChipotleTweets,2023-03-22 23:43:42,@youungnatt This is concerning. We would like to speak with you directly. Please send us a message here: https://t.co/ltrG42w7NA -Fia
ChipotleTweets,2023-03-22 23:09:28,@encassidy We appreciate you reaching out. Please send us a message and we will contact you shortly: https://t.co/ltrG42w7NA -Fia
ChipotleTweets,2023-03-22 22:43:42,@brixanar This is concerning. We would like to speak with you directly. Please send us a message here: https://t.co/X4lhMBXMRY -Scott
ChipotleTweets,2023-03-22 22:37:39,@thatonecargirl_ Oh no. Can you DM us the location you ordered from so we can help? -Scott
ChipotleTweets,2023-03-22 22:36:27,@DMan016 See you again soon ❤️ -Scott
ChipotleTweets,2023-03-22 22:35:58,@patronofthe Oh no. Can you DM us so we can look into this? -Scott https://t.co/BptDR5xzEN
ChipotleTweets,2023-03-22 22:12:37,@auraxchi We would like the opportunity to follow up on this as soon as possible. Can you please send us a DM? -Scott https://t.co/BptDR5xzEN
ChipotleTweets,2023-03-22 21:47:13,@aliyahlohan Will you please contact us at https://t.co/ltrG42w7NA so we can follow up with you directly? -Alex
ChipotleTweets,2023-03-22 21:46:13,@thegoofybish Will you please contact us at https://t.co/ltrG42w7NA so we can follow up with you directly? -Alex
ChipotleTweets,2023-03-22 21:25:15,@onenamillion26 Can you DM us your email address that you used to contact us with? -Alex https://t.co/BptDR5xzEN
ChipotleTweets,2023-03-22 21:05:47,@anglefan777 Love you more -Chris
ChipotleTweets,2023-03-22 20:31:21,@selfiegoddesss See you soon -Chris
ChipotleTweets,2023-03-22 20:07:23,@JasonM124 Please DM us -Chris
ChipotleTweets,2023-03-22 19:59:42,@ChantelSnow_ Please DM us -Chris
ChipotleTweets,2023-03-22 19:56:15,@CookoutFtLOs Brand new -Alex
ChipotleTweets,2023-03-22 19:25:03,@pennypumpkin33 Please DM us -Chris
ChipotleTweets,2023-03-22 19:08:09,@anotherdaygreen Oh no. Can you DM us the location you ordered from so we can help? -Alex https://t.co/BptDR5xzEN
ChipotleTweets,2023-03-22 18:56:34,@Ccabrera2010 That doesn't look good at all. Can you DM us the location you ordered from so we can help? -Scott https://t.co/BptDR5xzEN
ChipotleTweets,2023-03-22 18:44:14,@PayabletoSuzi Please DM us -Chris
ChipotleTweets,2023-03-22 18:43:26,@Joepcro Please DM us -Chris
ChipotleTweets,2023-03-22 18:38:12,@Ayden__grey Please DM us -Chris
ChipotleTweets,2023-03-22 17:55:55,@SikuLaFlame 🏏 -Alex
ChipotleTweets,2023-03-22 17:55:37,@6Roth9 Can you DM us more details so we can help? -Alex https://t.co/BptDR5xzEN
ChipotleTweets,2023-03-22 17:53:31,@thelovely_days Sounds like you need to visit -Alex
ChipotleTweets,2023-03-22 17:26:12,@d_gernon @dillpicklecox We got you. DM us.
ChipotleTweets,2023-03-22 17:06:57,@Craig_725 Please DM us -Chris
ChipotleTweets,2023-03-22 16:49:11,@BuckeyePat37 Please DM us -Chris
ChipotleTweets,2023-03-22 16:37:18,@patrick_maerz Please DM us -Chris
ChipotleTweets,2023-03-22 16:15:36,@nai_banx Please DM us -Chris https://t.co/BptDR5xzEN
ChipotleTweets,2023-03-22 15:10:39,@Kuru_BWA 🌯🔥 -Chris
ChipotleTweets,2023-03-22 14:35:02,@mish_fukitup Please DM us with more information -Chris
ChipotleTweets,2023-03-22 14:11:51,@Rose_Cones Please DM us -Chris
ChipotleTweets,2023-03-22 14:10:01,@EricRothstein Please DM us with more information. -Chris
ChipotleTweets,2023-03-22 13:23:12,@GiGi_theGoddess Of course you can -Chris
ChipotleTweets,2023-03-22 13:21:23,@taylortoney11 Please DM us -Chris
ChipotleTweets,2023-03-22 13:13:02,@EricRothstein We’re concerned to hear this. Would you please share more here? https://t.co/ltrG42w7NA -Chris
ChipotleTweets,2023-03-22 13:12:39,@Y4yAr3a Its not like you couldn't 👀 -Chris
ChipotleTweets,2023-03-22 03:53:33,@doeeyedaisy Could yo dm us the email address you used to reach out with? -Sheldon https://t.co/BptDR5xzEN
ChipotleTweets,2023-03-22 01:43:16,@bitchassgabe Thank you for you notifying us about this issue with your order. Could you please send us a message at the link and we will contact you shortly: https://t.co/xw5wqcgBsh -Sheldon
ChipotleTweets,2023-03-22 01:20:00,@Kris561_ We're concerned to hear this. Will you please contact us at https://t.co/xw5wqcgBsh -Sheldon
ChipotleTweets,2023-03-22 00:42:49,@SurfCitySnax Oh no. Can you DM us the location you ordered from so we can help? -Scott https://t.co/BptDR5xzEN
ChipotleTweets,2023-03-22 00:42:18,@LnT_Country Chipotle points &gt; FIFA points -Scott
ChipotleTweets,2023-03-21 23:46:39,@rafaaa226 Thank you for you notifying us about this issue with your order. Could you please send us a message at the link and we will contact you shortly: https://t.co/xw5wqcgBsh -Sheldon
ChipotleTweets,2023-03-21 23:01:58,@Juh_Nay_ Thank you for you notifying us about this issue with your order. Could you please send us a message at the link and we will contact you shortly: https://t.co/xw5wqcgBsh -Sheldon


ChipotleTweets,2023-03-21 21:27:40,@LovingMoon_28 If you contact us at https://t.co/xw5wqcgBsh a member of our customer care team will be in touch to help. -Sheldon
ChipotleTweets,2023-03-21 21:00:22,@hawksucklol Thank you for you notifying us about this issue with your order. Could you please send us a message at the link and we will contact you shortly: https://t.co/xw5wqcgBsh -Sheldon
ChipotleTweets,2023-03-21 20:59:20,@philfanacc Please DM us your email address. -Chris
ChipotleTweets,2023-03-21 20:52:51,@Peco11114 We’re concerned to hear this. Would you please share more here? https://t.co/ltrG42w7NA -Chris
ChipotleTweets,2023-03-21 19:45:29,@honkgnfbaby Yes please -Chris
ChipotleTweets,2023-03-21 19:32:38,@ad_playgirl Sorry about this. Can you DM us more details so we can help? -Alex https://t.co/BptDR5xzEN
ChipotleTweets,2023-03-21 18:10:26,@JHoustonTV Agreed! -Alex
ChipotleTweets,2023-03-21 18:06:13,@I_NvesNme We think so too 🔥 -Chris
ChipotleTweets,2023-03-21 17:59:56,@LeandraTrueLife We’re concerned to hear this. Would you please share more here? https://t.co/ltrG42w7NA -Chris
ChipotleTweets,2023-03-21 17:59:02,@chylynelle You can look on the app for pick up in your area. It will say chipotlane pick up as an option if there are some -Alex
ChipotleTweets,2023-03-21 17:58:33,@unleashnich Sorry about this. Can you DM us more details so we can help? -Alex https://t.co/BptDR5xzEN
ChipotleTweets,2023-03-21 17:58:20,@jmoneybean Oh no. Can you DM us the location you ordered from so we can help? -Chris https://t.co/BptDR5x1Pf
ChipotleTweets,2023-03-21 17:56:56,@chylynelle We do have chipotlanes some places 👀 -Alex
ChipotleTweets,2023-03-21 17:56:18,@xAyooPkillax Sure does -Alex
ChipotleTweets,2023-03-21 17:54:51,@Mars_helps Love to hear this. -Alex
ChipotleTweets,2023-03-21 17:50:39,@TheStephenCoy Can you please provide me with more information and the email address? -Chris
ChipotleTweets,2023-03-21 17:01:34,@marisablackwll We’re concerned to hear this. Would you please DM and provide more details? -Chris https://t.co/BptDR5xzEN
ChipotleTweets,2023-03-21 16:41:32,@kidswithcrwns How was it? -Chris

ChipotleTweets,2023-03-21 16:37:43,Want @Keith_lee135 to try your Chipotle order? https://t.co/I8YxkjFBPk
ChipotleTweets,2023-03-21 16:24:16,@CoachRhoades15 Please DM us your email. -Chris https://t.co/BptDR5xzEN
ChipotleTweets,2023-03-21 16:23:40,@Adam_up100 Thanks -Chris
ChipotleTweets,2023-03-21 16:23:27,@BradyMoFogle If you don’t mind contacting us through our DMs I'd be happy to help. -Chris
ChipotleTweets,2023-03-21 16:22:33,@ATLBeerBrewer 😍🌯 -Chris
ChipotleTweets,2023-03-21 16:21:49,@SoKRISPY326 We’re concerned to hear this. Would you please share more here? https://t.co/ltrG42w7NA -Chris
ChipotleTweets,2023-03-21 16:03:22,@raksthoughts Come get some -Chris
ChipotleTweets,2023-03-21 16:02:34,@ChelseaTakeyah Let us know how it is 🤪 -Chris
ChipotleTweets,2023-03-21 15:51:14,@puldajos Glad you like it -Chris
ChipotleTweets,2023-03-21 15:49:02,@princesskianni Its so good 🔥 -Chris
ChipotleTweets,2023-03-21 14:24:57,@kylehagge This is concerning. We would like to speak with you directly. Please send us a DM. -Chris https://t.co/BptDR5xzEN
ChipotleTweets,2023-03-21 12:55:07,@PrincessM___ See you soon -Chris
ChipotleTweets,2023-03-21 12:54:46,@GR3ATFOOL We love you too 🔥🌯 -Chris
ChipotleTweets,2023-03-21 12:53:38,@imbaaybee 🌯🏃💨 -Chris
ChipotleTweets,2023-03-21 12:53:00,@poeticflow331 What we do best 🤪🌯 -Chris
ChipotleTweets,2023-03-21 12:51:37,@soyunamonarca Can you please DM us the email address you used to contact customer service? -Chris
ChipotleTweets,2023-03-21 12:50:33,@Chadispro Glad you like it 🌯🔥 -Chris
ChipotleTweets,2023-03-21 03:45:45,@DrSomedayMaybe This is concerning. We would like to speak with you directly. Please send us a message here: https://t.co/X4lhMBXMRY -Scott
ChipotleTweets,2023-03-21 01:59:02,@kristenAM_41 Oh no. Mind reaching out at https://t.co/X4lhMBXMRY so we can help? -Scott
ChipotleTweets,2023-03-20 23:51:51,@randomTh0ts100 If you contact us at https://t.co/xw5wqcgBsh a member of our customer care team will be in touch to help. -Sheldon
ChipotleTweets,2023-03-20 23:36:32,@Dannibeth We appreciate you reaching out. Please send us a message at the link and we will contact you shortly: https://t.co/xw5wqcgBsh -Sheldon
ChipotleTweets,2023-03-20 21:52:26,@cooter696969 I believe in you 😤 -Scott
ChipotleTweets,2023-03-20 21:11:38,@slattya Send us a quick note to https://t.co/xw5wqcgBsh and a member of our customer care team will be in touch with you directly. -Sheldon
ChipotleTweets,2023-03-20 20:36:55,@BLULOVA2 Could you dm us the email address linked to your Chipotle account? -Sheldon https://t.co/BptDR5xzEN
ChipotleTweets,2023-03-20 20:29:38,@RS4NDY It's delish -Alex
ChipotleTweets,2023-03-20 19:29:18,@jhshifris11 Happy Spring 🌯 -Chris
ChipotleTweets,2023-03-20 19:04:32,@ANDREWLIZER Well thank you 😜 -Chris
ChipotleTweets,2023-03-20 18:33:52,@minton This is concerning. We would like to speak with you directly. Please send us a message here: https://t.co/xw5wqcgBsh -Sheldon
ChipotleTweets,2023-03-20 18:20:05,@ThxOnyy Would you please share more here? https://t.co/mC67jrvvxv -Chris
ChipotleTweets,2023-03-20 18:06:18,@Falero18est This is concerning. We would like to speak with you directly. Please send us a message here: https://t.co/xw5wqcgBsh -Chris
ChipotleTweets,2023-03-20 17:57:44,@ooh_Canada Glad you liked it 😍 -Chris
ChipotleTweets,2023-03-20 17:51:55,@tayvitothunder We’re concerned to hear this. Would you please share more here? https://t.co/ltrG42w7NA -Chris
ChipotleTweets,2023-03-20 17:47:35,@Murfo1211 Please DM us. -Chris https://t.co/BptDR5xzEN
ChipotleTweets,2023-03-20 17:42:33,@Murfo1211 This is concerning. We would like to speak with you directly. Please send us a message here: https://t.co/xw5wqcgBsh -Chris
ChipotleTweets,2023-03-20 17:36:21,@The_Cashy This is concerning. We would like to speak with you directly. Please send us a message here: https://t.co/xw5wqcgBsh -Chris
ChipotleTweets,2023-03-20 17:33:02,@pimpsdontcry99 If you would like to reach out to customer care you can here: https://t.co/tONZujfozt -Sheldon
ChipotleTweets,2023-03-20 17:32:33,@d3tna We like it too 🥳 -Chris
ChipotleTweets,2023-03-20 17:11:58,@ossu2you no... thank you🥺 -Sheldon
ChipotleTweets,2023-03-20 17:07:27,@NcmbcQKNBzsOu6c Thank you for alerting us. Please send a message at https://t.co/xw5wqcgBsh so we can take action and be in touch with you. -Sheldon
ChipotleTweets,2023-03-20 17:07:26,@Agarciaa96 See you soon 🌯 -Chris
ChipotleTweets,2023-03-20 17:05:35,@Troy_Sal9 Could you dm us the email address linked to your Chipotle account? -Sheldon https://t.co/BptDR5xzEN
ChipotleTweets,2023-03-20 17:04:54,@MrLindblom Best Dad award 🏆 -Chris
ChipotleTweets,2023-03-20 16:59:05,@LordYamz Glad you like it 🔥 -Chris
ChipotleTweets,2023-03-20 16:58:02,@sukisuki600 Please share more with us so we can be in touch with you:https://t.co/ltrG42w7NA -Chris
ChipotleTweets,2023-03-20 16:55:54,@Dante59951 Take your time👍 -Sheldon
ChipotleTweets,2023-03-20 16:55:03,@AnthonyWhiteTX This is concerning. We would like to speak with you directly. Please send us a message here: https://t.co/xw5wqcgBsh -Chris
ChipotleTweets,2023-03-20 16:33:49,Here's how to order our new Chicken al Pastor like a pro. https://t.co/oBNVJZyBiE
ChipotleTweets,2023-03-20 16:27:39,@dana_rappa Could you dm us the email address linked to your Chipotle account? -Sheldon
ChipotleTweets,2023-03-20 16:14:17,@aleeesuhhh sounds good...I guess -Sheldon
ChipotleTweets,2023-03-20 15:39:35,@IamOscarW Yum 🤪 -Chris
ChipotleTweets,2023-03-20 15:36:27,@Jkitty107 Sorry about that. Please DM us the location you ordered from so we can help. -Chris https://t.co/BptDR5xzEN
ChipotleTweets,2023-03-20 15:31:06,@JawnFKennedy See you soon 🌯 -Chris
ChipotleTweets,2023-03-20 14:44:34,@doylecol Can you DM us the email address associated with your account? -Chris
ChipotleTweets,2023-03-20 13:06:42,@dingwallr Will you please contact us at https://t.co/ltrG42w7NA so we can follow up with you directly? -Alex
ChipotleTweets,2023-03-20 05:46:30,@ddugranrut Thank you for you notifying us about this issue with your order. Could you please send us a message at the link and we will contact you shortly: https://t.co/xw5wqcgBsh -Sheldon
ChipotleTweets,2023-03-20 04:41:51,@RiseToDesign_ Thats a bay leaf. We use them to season ingredients during the cooking process. Its harmless but should be removed before serving. Sorry about that! -Sheldon
ChipotleTweets,2023-03-20 02:52:37,@Trecherustwin Could you dm us the email address you used for your order? -Sheldon https://t.co/BptDR5xzEN
ChipotleTweets,2023-03-20 01:55:59,@mike_richards2 Send us a message to https://t.co/xw5wqcgBsh and a member of our customer care team will be in touch with you to assist. -Sheldon
ChipotleTweets,2023-03-20 01:55:23,@DaniMTyler This is concerning. We would like to speak with you directly. Please send us a message here: https://t.co/xw5wqcgBsh -Sheldon
ChipotleTweets,2023-03-20 01:10:49,@kelliedidit This is concerning. We would like to speak with you directly. Please send us a message here: https://t.co/xw5wqcgBsh -Sheldon
ChipotleTweets,2023-03-20 01:00:46,@itstatymarie We appreciate you reaching out. Please send us a message at the link and we will contact you shortly: https://t.co/xw5wqcgBsh -Sheldon
ChipotleTweets,2023-03-20 00:45:41,@Troy_Sal9 Thank you for you notifying us about this issue with your order. Could you please send us a message at the link and we will contact you shortly: https://t.co/xw5wqcgBsh -Sheldon
ChipotleTweets,2023-03-20 00:18:40,@BornInValor Could you dm us the email address you used for your order? -Sheldon https://t.co/BptDR5xzEN
ChipotleTweets,2023-03-20 00:10:57,@deucecoop53 Could you dm us the email address you used for your order? -Sheldon https://t.co/BptDR5xzEN
ChipotleTweets,2023-03-19 23:40:37,@Buff4los0ldier Could you dm us the email address you used for your order? -Sheldon https://t.co/BptDR5xzEN
ChipotleTweets,2023-03-19 23:37:17,@BornInValor Could you dm us more details on what was mixed up with the order? -Sheldon https://t.co/BptDR5xzEN
ChipotleTweets,2023-03-19 23:10:37,@BudLightBadBoi Thank you for you notifying us about this issue with your order. Could you please send us a message at the link and we will contact you shortly: https://t.co/xw5wqcgBsh -Sheldon
ChipotleTweets,2023-03-19 21:00:26,@NickyDLuffy 😘😘 -Alex
ChipotleTweets,2023-03-19 20:45:12,@_ReallyIC Can you DM us more details? -Alex https://t.co/BptDR5xzEN
ChipotleTweets,2023-03-19 20:37:44,@yerkio92 Will you please contact us at https://t.co/ltrG42w7NA so we can follow up with you directly? -Alex
ChipotleTweets,2023-03-19 19:50:54,@JohnSheIby Can you DM us more details so we can help? -Alex https://t.co/BptDR5xzEN
ChipotleTweets,2023-03-19 19:50:35,@SushiTheCursed Your order should always be ready at the selected pick up time. Feel free to reach out to a manager so they can address this. -Alex
ChipotleTweets,2023-03-19 19:49:52,@drevano_ Can you shoot us a note here: https://t.co/ltrG42w7NA so we can look into this for you? -Alex
ChipotleTweets,2023-03-19 19:29:38,@michellefishman Can you DM us more details so we can help? -Alex https://t.co/BptDR5xzEN
ChipotleTweets,2023-03-19 19:10:59,@WhoDeyFan09 Please share more with us so we can be in touch with you:https://t.co/ltrG42w7NA -Alex
ChipotleTweets,2023-03-19 18:54:02,@carllewis2199 Can you DM us your email address that you used to contact us with? -Alex https://t.co/BptDR5xzEN
ChipotleTweets,2023-03-19 18:37:32,@bezackbe ok.. 👀👀 -Alex
ChipotleTweets,2023-03-19 18:35:44,@bezackbe Don't steal -Alex
ChipotleTweets,2023-03-19 18:28:51,@thejaename33 Please share more with us so we can be in touch with you:https://t.co/ltrG42w7NA -Alex
