philosophy,2024-01-01,The obstacle in the path becomes the path. Never forget this.
philosophy,2024-01-02,We suffer more in imagination than in reality.
philosophy,2024-01-03,No person is free who is not master of themselves.
philosophy,2024-01-04,You have the power to choose how you respond to what happens.
philosophy,2024-01-05,Waste no more time arguing about what a good person should be. Be one.
philosophy,2024-01-06,If it is not right, do not do it. If it is not true, do not say it.
philosophy,2024-01-07,The present moment always will have been.
philosophy,2024-01-08,The mind is a wonderful servant but a terrible master.
philosophy,2024-01-09,To the mind that is still, the whole universe surrenders.
philosophy,2024-01-10,A wise person knows what they can control and what they cannot.
philosophy,2024-01-11,Begin at once to live, and count each day as a separate life.
philosophy,2024-01-12,Difficulties strengthen the mind, as labor strengthens the body.
philosophy,2024-01-13,The greatest wealth is to live content with little.
philosophy,2024-01-14,He who fears death will never do anything worthy of a person who is alive.
philosophy,2024-01-15,It is not death that a person should fear, but they should fear never beginning to live.
philosophy,2024-01-16,First say to yourself what you would be, and then do what you have to do.
philosophy,2024-01-17,How long are you going to wait before you demand the best for yourself?
philosophy,2024-01-18,Make the best use of what is in your power and take the rest as it happens.
philosophy,2024-01-19,The soul becomes dyed with the color of its thoughts.
philosophy,2024-01-20,You have power over your mind, not outside events. Realize this and you will find strength.
philosophy,2024-01-21,Never esteem anything as of advantage to you that will make you break your word.
philosophy,2024-01-22,Loss is nothing else but change, and change is nature's delight.
philosophy,2024-01-23,Very little is needed to make a happy life. It is all within yourself, in your way of thinking.
philosophy,2024-01-24,The happiness of your life depends upon the quality of your thoughts.
philosophy,2024-01-25,Nothing happens to any person that they are not formed by nature to bear.
philosophy,2024-01-26,Confine yourself to the present.
philosophy,2024-01-27,Our life is what our thoughts make it.
philosophy,2024-01-28,If someone is able to show me that what I think or do is not right, I will gladly change.
philosophy,2024-01-29,The only way to deal with an unfree world is to become so absolutely free that your very existence is an act of rebellion.
philosophy,2024-01-30,He who has a why to live can bear almost any how.
philosophy,2024-01-31,What does not kill me makes me stronger.
philosophy,2024-02-01,Become who you are.
philosophy,2024-02-02,To live is to suffer. To survive is to find some meaning in the suffering.
philosophy,2024-02-03,The higher we soar, the smaller we appear to those who cannot fly.
philosophy,2024-02-04,Without music, life would be a mistake.
philosophy,2024-02-05,In individuals, insanity is rare. But in groups and nations, it is the rule.
philosophy,2024-02-06,That which can be destroyed by the truth should be.
philosophy,2024-02-07,The truth is rarely pure and never simple.
philosophy,2024-02-08,To define is to limit.
philosophy,2024-02-09,We are all in the gutter, but some of us are looking at the stars.
philosophy,2024-02-10,The only difference between a caprice and a lifelong passion is that the caprice lasts a little longer.
philosophy,2024-02-11,What seems to us as bitter trials are often blessings in disguise.
philosophy,2024-02-12,You can never cross the ocean until you have the courage to lose sight of the shore.
philosophy,2024-02-13,Life is not measured by the number of breaths you take but by the moments that take your breath away.
philosophy,2024-02-14,The mind is everything. What you think, you become.
philosophy,2024-02-15,Three things cannot be long hidden: the sun, the moon, and the truth.
philosophy,2024-02-16,No one saves us but ourselves. No one can and no one may. We ourselves must walk the path.
philosophy,2024-02-17,Do not dwell in the past. Do not dream of the future. Concentrate the mind on the present moment.
philosophy,2024-02-18,Thousands of candles can be lit from a single candle, and the life of the candle will not be shortened.
philosophy,2024-02-19,Peace comes from within. Do not seek it without.
philosophy,2024-02-20,The root of suffering is attachment.
philosophy,2024-02-21,In the end, only three things matter: how much you loved, how gently you lived, and how gracefully you let go.
philosophy,2024-02-22,Holding onto anger is like drinking poison and expecting the other person to die.
philosophy,2024-02-23,You will not be punished for your anger. You will be punished by your anger.
philosophy,2024-02-24,If you light a lamp for somebody, it will also brighten your own path.
philosophy,2024-02-25,Knowing others is wisdom. Knowing yourself is enlightenment.
philosophy,2024-02-26,He who knows much about others may be learned, but he who understands himself is more intelligent.
philosophy,2024-02-27,A journey of a thousand miles begins with a single step.
philosophy,2024-02-28,When you realize there is nothing lacking, the whole world belongs to you.
philosophy,2024-02-29,Life is a series of natural and spontaneous changes. Don't resist them.
philosophy,2024-03-01,To the mind that is still and open, the whole world surrenders.
philosophy,2024-03-02,Simplicity, patience, compassion. These three are your greatest treasures.
philosophy,2024-03-03,Silence is a source of great strength.
philosophy,2024-03-04,Nature does not hurry, yet everything is accomplished.
philosophy,2024-03-05,Act without expectation.
philosophy,2024-03-06,When I let go of what I am, I become what I might be.
philosophy,2024-03-07,To lead people, walk beside them.
philosophy,2024-03-08,An unexamined life is not worth living.
philosophy,2024-03-09,Wisdom begins in wonder.
philosophy,2024-03-10,The only true wisdom is in knowing you know nothing.
philosophy,2024-03-11,Strong minds discuss ideas. Average minds discuss events. Weak minds discuss people.
philosophy,2024-03-12,Education is the kindling of a flame, not the filling of a vessel.
philosophy,2024-03-13,Wonder is the beginning of wisdom.
philosophy,2024-03-14,By all means marry. If you get a good wife, you'll become happy. If you get a bad one, you'll become a philosopher.
philosophy,2024-03-15,Man is not disturbed by events but by his interpretation of events.
philosophy,2024-03-16,Freedom is the only worthy goal in life. It is won by disregarding things that lie beyond our control.
philosophy,2024-03-17,Seek not the good in external things. Seek it in yourself.
philosophy,2024-03-18,He is a wise man who does not grieve for the things which he has not, but rejoices for those which he has.
philosophy,2024-03-19,It is impossible for a person to learn what they think they already know.
philosophy,2024-03-20,Circumstances do not make a person. They reveal them.
philosophy,2024-03-21,We are not disturbed by what happens, but by our thoughts about what happens.
philosophy,2024-03-22,Seek not that the things which happen should happen as you wish, but wish the things which happen to be as they are.
philosophy,2024-03-23,Men are disturbed not by the things that happen but by the opinions about the things.
philosophy,2024-03-24,There is only one way to happiness and that is to cease worrying about things which are beyond the power of our will.
philosophy,2024-03-25,First learn the meaning of what you say, and then speak.
philosophy,2024-03-26,Wealth consists not in having great possessions, but in having few wants.
philosophy,2024-03-27,He who laughs at himself never runs out of things to laugh at.
philosophy,2024-03-28,The key is to keep company only with people who uplift you, whose presence calls forth your best.
philosophy,2024-03-29,No great thing is created suddenly, any more than a bunch of grapes or a fig.
philosophy,2024-03-30,It's not what happens to you but how you react that matters.
philosophy,2024-03-31,We cannot choose our external circumstances, but we can always choose how we respond to them.
philosophy,2024-04-01,The good life is one inspired by love and guided by knowledge.
philosophy,2024-04-02,To fear death is nothing other than to think oneself wise when one is not.
philosophy,2024-04-03,The measure of intelligence is the ability to change.
philosophy,2024-04-04,Imagination is more important than knowledge.
philosophy,2024-04-05,A mind that is stretched by a new experience can never go back to its old dimensions.
philosophy,2024-04-06,The mind is not a vessel to be filled but a fire to be kindled.
philosophy,2024-04-07,Not all those who wander are lost.
philosophy,2024-04-08,In the beginning was the deed.
philosophy,2024-04-09,We know what we are, but know not what we may be.
philosophy,2024-04-10,The mind grows by what it feeds on.
